<?xml version="1.0" encoding="UTF-8"?>
<root>
  <item name="com.klinker.android.link_builder.LinkMetadata METADATA_KEY_COTENT">
    <annotation name="android.support.annotation.StringDef">
      <val name="value" val="{com.klinker.android.link_builder.LinkMetadata.METADATA_KEY_COTENT}" />
    </annotation>
  </item>
  <item name="com.klinker.android.link_builder.LinkMetadata METADATA_KEY_SOURCE_ID">
    <annotation name="android.support.annotation.StringDef">
      <val name="value" val="{com.klinker.android.link_builder.LinkMetadata.METADATA_KEY_SOURCE_ID}" />
    </annotation>
  </item>
  <item name="com.klinker.android.link_builder.LinkMetadata METADATA_KEY_TYPE">
    <annotation name="android.support.annotation.StringDef">
      <val name="value" val="{com.klinker.android.link_builder.LinkMetadata.METADATA_KEY_TYPE, com.klinker.android.link_builder.LinkMetadata.METADATA_KEY_COTENT}" />
    </annotation>
  </item>
  <item name="com.klinker.android.link_builder.LinkMetadata METADATA_KEY_USER">
    <annotation name="android.support.annotation.StringDef">
      <val name="value" val="{com.klinker.android.link_builder.LinkMetadata.METADATA_KEY_USER}" />
    </annotation>
  </item>
  <item name="com.klinker.android.link_builder.LinkMetadata METADATA_KEY_USER_ID">
    <annotation name="android.support.annotation.StringDef">
      <val name="value" val="{com.klinker.android.link_builder.LinkMetadata.METADATA_KEY_USER_ID}" />
    </annotation>
  </item>
  <item name="com.klinker.android.link_builder.LinkMetadata com.klinker.android.link_builder.LinkMetadata.SpanType getSZObj(java.lang.String) 0">
    <annotation name="android.support.annotation.StringDef">
      <val name="value" val="{com.klinker.android.link_builder.LinkMetadata.METADATA_KEY_TYPE, com.klinker.android.link_builder.LinkMetadata.METADATA_KEY_COTENT}" />
    </annotation>
  </item>
  <item name="com.klinker.android.link_builder.LinkMetadata int getInteger(java.lang.String) 0">
    <annotation name="android.support.annotation.StringDef">
      <val name="value" val="{com.klinker.android.link_builder.LinkMetadata.METADATA_KEY_SOURCE_ID}" />
    </annotation>
  </item>
  <item name="com.klinker.android.link_builder.LinkMetadata java.lang.Object getPCObj(java.lang.String) 0">
    <annotation name="android.support.annotation.StringDef">
      <val name="value" val="{com.klinker.android.link_builder.LinkMetadata.METADATA_KEY_USER}" />
    </annotation>
  </item>
  <item name="com.klinker.android.link_builder.LinkMetadata java.lang.Object getSeriObj(java.lang.String) 0">
    <annotation name="android.support.annotation.StringDef">
      <val name="value" val="{com.klinker.android.link_builder.LinkMetadata.METADATA_KEY_TYPE, com.klinker.android.link_builder.LinkMetadata.METADATA_KEY_COTENT}" />
    </annotation>
  </item>
  <item name="com.klinker.android.link_builder.LinkMetadata java.lang.String getString(java.lang.String) 0">
    <annotation name="android.support.annotation.StringDef">
      <val name="value" val="{com.klinker.android.link_builder.LinkMetadata.METADATA_KEY_COTENT}" />
    </annotation>
  </item>
  <item name="com.klinker.android.link_builder.LinkMetadata long getLong(java.lang.String) 0">
    <annotation name="android.support.annotation.StringDef">
      <val name="value" val="{com.klinker.android.link_builder.LinkMetadata.METADATA_KEY_USER_ID}" />
    </annotation>
  </item>
  <item name="com.klinker.android.link_builder.LinkMetadata.Builder com.klinker.android.link_builder.LinkMetadata.Builder putInteger(java.lang.String, java.lang.Integer) 0">
    <annotation name="android.support.annotation.StringDef">
      <val name="value" val="{com.klinker.android.link_builder.LinkMetadata.METADATA_KEY_SOURCE_ID}" />
    </annotation>
  </item>
  <item name="com.klinker.android.link_builder.LinkMetadata.Builder com.klinker.android.link_builder.LinkMetadata.Builder putLong(java.lang.String, java.lang.Long) 0">
    <annotation name="android.support.annotation.StringDef">
      <val name="value" val="{com.klinker.android.link_builder.LinkMetadata.METADATA_KEY_USER_ID}" />
    </annotation>
  </item>
  <item name="com.klinker.android.link_builder.LinkMetadata.Builder com.klinker.android.link_builder.LinkMetadata.Builder putParcelableObj(java.lang.String, android.os.Parcelable) 0">
    <annotation name="android.support.annotation.StringDef">
      <val name="value" val="{com.klinker.android.link_builder.LinkMetadata.METADATA_KEY_USER}" />
    </annotation>
  </item>
  <item name="com.klinker.android.link_builder.LinkMetadata.Builder com.klinker.android.link_builder.LinkMetadata.Builder putSerializableObj(java.lang.String, java.io.Serializable) 0">
    <annotation name="android.support.annotation.StringDef">
      <val name="value" val="{com.klinker.android.link_builder.LinkMetadata.METADATA_KEY_TYPE, com.klinker.android.link_builder.LinkMetadata.METADATA_KEY_COTENT}" />
    </annotation>
  </item>
  <item name="com.klinker.android.link_builder.LinkMetadata.Builder com.klinker.android.link_builder.LinkMetadata.Builder putString(java.lang.String, java.lang.String) 0">
    <annotation name="android.support.annotation.StringDef">
      <val name="value" val="{com.klinker.android.link_builder.LinkMetadata.METADATA_KEY_COTENT}" />
    </annotation>
  </item>
  <item name="com.klinker.android.link_builder.LinkMetadata.IntegerKey">
    <annotation name="android.support.annotation.StringDef">
      <val name="value" val="{com.klinker.android.link_builder.LinkMetadata.METADATA_KEY_SOURCE_ID}" />
    </annotation>
  </item>
  <item name="com.klinker.android.link_builder.LinkMetadata.LongKey">
    <annotation name="android.support.annotation.StringDef">
      <val name="value" val="{com.klinker.android.link_builder.LinkMetadata.METADATA_KEY_USER_ID}" />
    </annotation>
  </item>
  <item name="com.klinker.android.link_builder.LinkMetadata.PCObjectKey">
    <annotation name="android.support.annotation.StringDef">
      <val name="value" val="{com.klinker.android.link_builder.LinkMetadata.METADATA_KEY_USER}" />
    </annotation>
  </item>
  <item name="com.klinker.android.link_builder.LinkMetadata.SZObjectKey">
    <annotation name="android.support.annotation.StringDef">
      <val name="value" val="{com.klinker.android.link_builder.LinkMetadata.METADATA_KEY_TYPE, com.klinker.android.link_builder.LinkMetadata.METADATA_KEY_COTENT}" />
    </annotation>
  </item>
  <item name="com.klinker.android.link_builder.LinkMetadata.TextKey">
    <annotation name="android.support.annotation.StringDef">
      <val name="value" val="{com.klinker.android.link_builder.LinkMetadata.METADATA_KEY_COTENT}" />
    </annotation>
  </item>
</root>

